<?xml version="1.0" encoding="UTF-8"?>
<!DOCTYPE mapper PUBLIC "-//mybatis.org//DTD Mapper 3.0//EN" "http://mybatis.org/dtd/mybatis-3-mapper.dtd">
<mapper namespace="com.fjnu.mon4cc.mapper.BoltMapper">

    <!-- 通用查询映射结果 -->
    <resultMap id="BaseResultMap" type="com.fjnu.mon4cc.entity.Bolt">
        <id column="id" property="id" />
        <result column="boltComponentName" property="boltComponentName" />
        <result column="boltParallelism" property="boltParallelism" />
        <result column="boltStream" property="boltStream" />
        <result column="boltCodeSimple" property="boltCodeSimple" />
        <result column="boltCode" property="boltCode" />
        <result column="topologyId" property="topologyId" />
        <result column="completeBoltCode" property="completeBoltCode" />
    </resultMap>

    <select id="selectBolt" resultType="Bolt">
        select * from bolt
        where id = #{id} and topologyId = #{topologyId}
    </select>

    <insert id="insertCode" parameterType='java.lang.String'>
        insert into bolt (id,boltCode,boltCodeSimple,topologyId)
        values (#{id},#{boltCode},#{boltCodeSimple},#{topologyId})
    </insert>


    <update id="updateCode" parameterType="java.lang.String">
        update bolt set boltCode = #{boltCode},boltCodeSimple = #{boltCodeSimple}
        where id = #{id} and topologyId = #{topologyId}
    </update>

    <select id="selectCompleteCode" resultType="Bolt">
        select * from bolt
        where topologyId = #{topologyId} and completeBoltCode is not null
    </select>



</mapper>
