<?xml version="1.0" encoding="UTF-8"?>
<!DOCTYPE mapper PUBLIC "-//mybatis.org//DTD Mapper 3.0//EN" "http://mybatis.org/dtd/mybatis-3-mapper.dtd">
<mapper namespace="com.fjnu.mon4cc.mapper.DeploymentMapper">

    <!-- 通用查询映射结果 -->
    <resultMap id="BaseResultMap" type="com.fjnu.mon4cc.entity.Deployment">
        <id column="deploymentId" property="deploymentId" />
        <result column="modelId" property="modelId" />
        <result column="deployName" property="deployName" />
        <result column="state" property="state" />
        <result column="submissionTime" property="submissionTime" />
        <result column="creater" property="creater" />
    </resultMap>
    <select id="selectDeploymentConfig" resultType="Deployment">
        select * from deployment
        <where>
            <if test="deployName != null and deployName != ''">
                deployment.`deployName` like concat('%',#{deployName},'%')
            </if>
            and deployment.creater = #{creater}
        </where>
        order by deployment.deploymentId
    </select>

    <insert id="insertDeployment" parameterType="Deployment">
        insert into deployment (modelId,deployName,state,creater)
        values (#{modelId},#{deployName},#{state},#{creater})
    </insert>

    <delete id="deleteDeployment"  parameterType="Deployment">
        delete from deployment
        where deployment.deploymentId = #{deploymentId}
    </delete>

    <update id="updateDeployment" parameterType="Deployment">
        update deployment set deployName = #{deployName}
        where deployment.deploymentId = #{deploymentId}
    </update>

    <update id="submit_bance" parameterType="Deployment">
        update deployment set submissionTime = #{submissionTime}
        where deployment.deploymentId = #{deploymentId}
    </update>

    <update id="updateState">
        update deployment set state = #{state}
        where deployment.deploymentId = #{deploymentId}
    </update>


</mapper>