<?xml version="1.0" encoding="UTF-8"?>
<!DOCTYPE mapper PUBLIC "-//mybatis.org//DTD Mapper 3.0//EN" "http://mybatis.org/dtd/mybatis-3-mapper.dtd">
<mapper namespace="com.fjnu.mon4cc.mapper.FlowMapper">

    <!-- 通用查询映射结果 -->
    <resultMap id="BaseResultMap" type="com.fjnu.mon4cc.entity.Flow">
        <id column="groupingId" property="groupingId" />
        <result column="sourceComponent" property="sourceComponent" />
        <result column="targetComponent" property="targetComponent" />
        <result column="groupingType" property="groupingType" />
        <result column="stream" property="stream" />
        <result column="topologyId" property="topologyId" />
    </resultMap>

    <select id="selectGrouping" resultType="Flow">
        select * from flow where groupingId = #{groupingId} and topologyId = #{topologyId}
    </select>

</mapper>
