<?xml version="1.0" encoding="UTF-8"?>
<!DOCTYPE mapper PUBLIC "-//mybatis.org//DTD Mapper 3.0//EN" "http://mybatis.org/dtd/mybatis-3-mapper.dtd">
<mapper namespace="com.fjnu.mon4cc.mapper.ModelconfigurationMapper">

    <!-- 通用查询映射结果 -->
    <resultMap id="BaseResultMap" type="com.fjnu.mon4cc.entity.Modelconfiguration">
        <id column="modelId" property="modelId" />
        <result column="modelName" property="modelName" />
        <result column="modelXml" property="modelXml" />
        <result column="description" property="description" />
        <result column="state" property="state" />
        <result column="creater" property="creater" />
        <result column="createTime" property="createTime" />
        <result column="completeConfigurationCode" property="completeConfigurationCode" />
        <result column="modelEcl" property="modelEcl" />
        <result column="typeName" property="typeName" />
        <result column="isLocal" property="isLocal" />
    </resultMap>

    <select id="selectTopologyConfig" resultType="Modelconfiguration">
        select * from modelconfiguration
        <where>
        <if test="topologyName != null and topologyName != ''">
            modelconfiguration.`modelName` like concat('%',#{topologyName},'%')
        </if>
        and modelconfiguration.state != "deleted"
        and modelconfiguration.creater = #{creater}
        </where>
        order by modelconfiguration.createTime
    </select>

    <select id="selectBytopologyId" resultType="Modelconfiguration">
        select * from modelconfiguration
        where modelconfiguration.modelId = #{topologyId}
    </select>
    <insert id="insertTopology" parameterType="Modelconfiguration">
        insert into modelconfiguration (modelId,modelName,description,state,creater,createTime,typeName,isLocal,modelXml)
        values (#{modelId},#{modelName},#{description},#{state},#{creater},#{createTime},#{typeName},#{isLocal},#{modelXml})
    </insert>

    <delete id="deleteTopology"  parameterType="Modelconfiguration">
        delete from modelconfiguration
        where modelconfiguration.modelId = #{topologyId}
    </delete>

    <update id="updateTopology" parameterType="Modelconfiguration">
        update modelconfiguration set modelName = #{modelName},description = #{description},isLocal = #{isLocal}
        where modelId = #{modelId}
    </update>

    <select id="selectCompleteCode" resultType="Modelconfiguration">
        select * from modelconfiguration
        where modelId = #{topologyId} and completeConfigurationCode is not null
    </select>

    <update id="updateState" parameterType="java.lang.String">
        update modelconfiguration set state = #{state}
        where modelId = #{topologyId}
    </update>

    <select id="selectModelIds" resultType="Modelconfiguration">
        select * from modelconfiguration
        where modelconfiguration.typeName = #{typeName} and modelconfiguration.state != "deleted" and
        modelconfiguration.creater = #{creater}
    </select>

</mapper>
