<?xml version="1.0" encoding="UTF-8"?>
<!DOCTYPE mapper PUBLIC "-//mybatis.org//DTD Mapper 3.0//EN" "http://mybatis.org/dtd/mybatis-3-mapper.dtd">
<mapper namespace="com.fjnu.mon4cc.mapper.PermMapper">

    <!-- 通用查询映射结果 -->
    <resultMap id="BaseResultMap" type="com.fjnu.mon4cc.entity.Perm">
        <id column="pval" property="pval" />
        <result column="parent" property="parent" />
        <result column="pname" property="pname" />
        <result column="ptype" property="ptype" />
        <result column="leaf" property="leaf" />
        <result column="created" property="created" />
        <result column="updated" property="updated" />
    </resultMap>

    <select id="getPermsByUserId" resultType="Perm">
        SELECT p.pname,p.pval FROM perm p, role_perm rp, user_role ur
        WHERE p.pval = rp.permVal AND ur.roleId = rp.roleId
        AND ur.userId = #{userId}
    </select>

    <select id="getPermsByRoleId" resultType="Perm">
        SELECT p.pval,p.ptype,p.leaf FROM perm p, role_perm rp
        WHERE p.pval = rp.permVal AND rp.roleId = #{roleId}
    </select>

    <insert id="saveOrUpdate">
        INSERT INTO perm (pval,parent,pname,ptype,leaf,created) VALUES
        <foreach collection="perms" item="p" separator=",">
            (#{p.pval},#{p.parent},#{p.pname},#{p.ptype},#{p.leaf},#{p.created})
        </foreach>
        ON DUPLICATE KEY UPDATE
        pname = VALUES(pname), parent = VALUES(parent), ptype = VALUES(ptype), leaf = VALUES(leaf), updated = now()
    </insert>

</mapper>
