<?xml version="1.0" encoding="UTF-8"?>
<!DOCTYPE mapper PUBLIC "-//mybatis.org//DTD Mapper 3.0//EN" "http://mybatis.org/dtd/mybatis-3-mapper.dtd">
<mapper namespace="com.fjnu.mon4cc.mapper.PictureMapper">

    <!-- 通用查询映射结果 -->
    <resultMap id="BaseResultMap" type="com.fjnu.mon4cc.entity.Picture">
        <id column="pictureId" property="pictureId" />
        <result column="taskId" property="taskId" />
        <result column="succNum" property="succNum" />
        <result column="violatedNum" property="violatedNum" />
        <result column="total" property="total" />
        <result column="finished" property="finished" />
        <result column="timestamp" property="timestamp" />
    </resultMap>

    <insert id="insertPicture" parameterType='Picture'>
        insert picture (taskId,succNum,violatedNum,total,finished,`timestamp`)
        values (#{taskId},#{succNum},#{violatedNum},#{total},#{finished},#{timestamp})
    </insert>

    <select id="selectPicturesBytaskId" resultType="Picture">
        select * from picture
        where taskId = #{taskId}
        order by picture.pictureId
    </select>

    <delete id="deleteBypictureId" parameterType="Picture">
        delete from picture
        where taskId = #{taskId}
    </delete>


</mapper>