<?xml version="1.0" encoding="UTF-8"?>
<!DOCTYPE mapper PUBLIC "-//mybatis.org//DTD Mapper 3.0//EN" "http://mybatis.org/dtd/mybatis-3-mapper.dtd">
<mapper namespace="com.fjnu.mon4cc.mapper.RoleMapper">

    <!-- 通用查询映射结果 -->
    <resultMap id="roleMap" type="com.fjnu.mon4cc.entity.Role">
        <id column="rid" property="rid" />
        <result column="rname" property="rname" />
        <result column="rdesc" property="rdesc" />
        <result column="rval" property="rval" />
        <result column="created" property="created" />
        <result column="updated" property="updated" />
    </resultMap>

    <select id="getRolesByUserId" resultType="Role">
        SELECT r.rname,r.rval FROM role r, user_role ur
        WHERE r.rid = ur.roleId AND ur.userId = #{userId}
    </select>

    <select id="getRoleIdsByUserId" resultType="java.lang.String">
        SELECT r.rid FROM role r, user_role ur
        WHERE r.rid = ur.roleId AND ur.userId = #{userId}
    </select>

    <select id="checkRidsContainRval" resultType="java.lang.Boolean">
        SELECT
        CONCAT(',',GROUP_CONCAT(rval SEPARATOR ','),',')
        REGEXP CONCAT(',',#{rval},',{1}') AS result FROM role
        WHERE rid IN
        <foreach collection="rids" item="rid" separator="," open="(" close=")">
            #{rid}
        </foreach>
    </select>

    <select id="checkUidContainRval" resultType="java.lang.Boolean">
        SELECT
        CONCAT(',',GROUP_CONCAT(r.rval SEPARATOR ','),',')
        REGEXP CONCAT(',',#{rval},',{1}') AS result FROM role r, user_role ur
        WHERE ur.roleId = r.rid AND ur.userId = #{uid}
    </select>

</mapper>
