<?xml version="1.0" encoding="UTF-8"?>
<!DOCTYPE mapper PUBLIC "-//mybatis.org//DTD Mapper 3.0//EN" "http://mybatis.org/dtd/mybatis-3-mapper.dtd">
<mapper namespace="com.fjnu.mon4cc.mapper.SpoutMapper">

    <!-- 通用查询映射结果 -->
    <resultMap id="BaseResultMap" type="com.fjnu.mon4cc.entity.Spout">
        <id column="id" property="id" />
        <result column="spoutComponentName" property="spoutComponentName" />
        <result column="spoutParallelism" property="spoutParallelism" />
        <result column="spoutStream" property="spoutStream" />
        <result column="topologyId" property="topologyId" />
        <result column="spoutCode" property="spoutCode" />
        <result column="spoutCodeSimple" property="spoutCodeSimple" />
        <result column="completeSpoutCode" property="completeSpoutCode" />

    </resultMap>

    <select id="selectSpout" resultType="Spout">
        select * from spout where id=#{id} and topologyId = #{topologyId}
    </select>

    <insert id="insertCode" parameterType='java.lang.String'>
        insert into spout (id,spoutCode,spoutCodeSimple,topologyId)
        values (#{id},#{spoutCode},#{spoutCodeSimple},#{topologyId})
    </insert>


    <update id="updateCode" parameterType="java.lang.String">
        update spout set spoutCode = #{spoutCode},spoutCodeSimple = #{spoutCodeSimple}
        where id = #{id} and topologyId = #{topologyId}
    </update>

    <select id="selectCompleteCode" resultType="Spout">
        select * from spout
        where topologyId = #{topologyId} and completeSpoutCode is not null
    </select>

</mapper>
