<?xml version="1.0" encoding="UTF-8"?>
<!DOCTYPE mapper PUBLIC "-//mybatis.org//DTD Mapper 3.0//EN" "http://mybatis.org/dtd/mybatis-3-mapper.dtd">
<mapper namespace="com.fjnu.mon4cc.mapper.UserMapper">

<!--    &lt;!&ndash; 通用查询映射结果 &ndash;&gt;-->
    <resultMap id="userMap" type="com.fjnu.mon4cc.entity.User">
        <id column="uid" property="uid" />
        <result column="uname" property="uname" />
        <result column="nick" property="nick" />
        <result column="pwd" property="pwd" />
        <result column="salt" property="salt" />
        <result column="lock" property="lock" />
        <result column="created" property="created" />
        <result column="updated" property="updated" />
    </resultMap>

    <!-- 一对多：user、role -->
    <resultMap id="userIncludeRolesMap" extends="userMap" type="User">
        <collection property="roleList" columnPrefix="role_" resultMap="com.fjnu.mon4cc.mapper.RoleMapper.roleMap">
        </collection>
    </resultMap>

    <select id="selectUserIncludeRoles" resultMap="userIncludeRolesMap">
        select
        u.*,
        r.rid as role_rid,
        r.rname as role_rname,
        r.rdesc as role_rdesc,
        r.rval as role_rval,
        r.created as role_created,
        r.updated  as role_updated
        from user u
        left join user_role ur on u.uid = ur.userId
        left join role r on ur.roleId = r.rid
        <where>
            <if test="nick != null and nick != ''">
                u.`nick` like concat('%',#{nick},'%')
            </if>
        </where>
        order by u.created
    </select>


</mapper>
