<?xml version="1.0" encoding="UTF-8"?>
<!DOCTYPE mapper PUBLIC "-//mybatis.org//DTD Mapper 3.0//EN" "http://mybatis.org/dtd/mybatis-3-mapper.dtd">
<mapper namespace="com.fjnu.mon4cc.mapper.KafkaspoutMapper">

    <!-- 通用查询映射结果 -->
    <resultMap id="BaseResultMap" type="com.fjnu.mon4cc.entity.Kafkaspout">
        <id column="id" property="id" />
        <result column="spoutComponentName" property="spoutComponentName" />
        <result column="spoutParallelism" property="spoutParallelism" />
        <result column="topologyId" property="topologyId" />
        <result column="kafkaSpoutCode" property="kafkaSpoutCode" />
        <result column="kafkaSpoutCodeSimple" property="kafkaSpoutCodeSimple" />
        <result column="kafkaSpoutStream" property="kafkaSpoutStream" />
        <result column="boostrapServer" property="boostrapServer" />
        <result column="maxPollRecord" property="maxPollRecord" />
        <result column="autoCommit" property="autoCommit" />
        <result column="groupId" property="groupId" />
        <result column="offsetReset" property="offsetReset" />
        <result column="topic" property="topic" />
        <result column="completeKafkaSpoutCode" property="completeKafkaSpoutCode" />
    </resultMap>

    <select id="selectKafkaSpout" resultType="Kafkaspout">
        select * from kafkaspout where id = #{id} and topologyId = #{topologyId}
    </select>

    <insert id="insertCode" parameterType='java.lang.String'>
        insert into kafkaspout (id,kafkaSpoutCode,kafkaSpoutCodeSimple,topologyId)
        values (#{id},#{kafkaSpoutCode},#{kafkaSpoutCodeSimple},#{topologyId})
    </insert>


    <update id="updateCode" parameterType="java.lang.String">
        update kafkaspout set kafkaSpoutCode = #{kafkaSpoutCode},kafkaSpoutCodeSimple = #{kafkaSpoutCodeSimple}
        where id = #{id} and topologyId = #{topologyId}
    </update>

    <select id="selectCompleteCode" resultType="Kafkaspout">
        select * from Kafkaspout
        where topologyId = #{topologyId} and completeKafkaSpoutCode is not null
    </select>

</mapper>
