<?xml version="1.0" encoding="UTF-8"?>
<!DOCTYPE mapper PUBLIC "-//mybatis.org//DTD Mapper 3.0//EN" "http://mybatis.org/dtd/mybatis-3-mapper.dtd">
<mapper namespace="com.fjnu.mon4cc.mapper.MonitorTaskMapper">

    <!-- 通用查询映射结果 -->
    <resultMap id="BaseResultMap" type="com.fjnu.mon4cc.entity.MonitorTask">
        <id column="taskId" property="taskId" />
        <result column="sId" property="sId" />
        <result column="taskName" property="taskName" />
        <result column="modelId" property="modelId" />
        <result column="state" property="state" />
        <result column="description" property="description" />
        <result column="createTime" property="createTime" />
        <result column="modelEcl" property="modelEcl" />
        <result column="readAmount" property="readAmount" />
        <result column="timeUsed" property="timeUsed" />
        <result column="failSummary" property="failSummary" />
        <result column="succSummary" property="succSummary" />
        <result column="startDate" property="startDate" />
        <result column="modelXml" property="modelXml" />
        <result column="creater" property="creater" />
    </resultMap>

    <select id="selectMonitorTask" resultType="MonitorTask">
        select * from monitortask
        <where>
            <if test="taskName != null and taskName != ''">
                monitortask.`taskName` like concat('%',#{taskName},'%')
            </if>
            and monitortask.creater = #{creater}
        </where>
        order by monitortask.taskId
    </select>

    <insert id="insertTask" parameterType="MonitorTask">
        insert into monitortask (taskName,modelId,description,state,createTime,modelEcl,modelXml,creater)
        values (#{taskName},#{modelId},#{description},#{state},#{createTime},#{modelEcl},#{modelXml},#{creater})
    </insert>

    <delete id="deleteTask"  parameterType="MonitorTask">
        delete from monitortask
        where monitortask.taskId = #{taskId}
    </delete>


    <update id="updateState">
        update monitortask set state = #{state}
        where monitortask.taskId = #{taskId}
    </update>

    <select id="selectTask" resultType="MonitorTask">
        select * from monitortask
        where monitortask.taskId = #{taskId}

    </select>

    <update id="updateTask" parameterType="MonitorTask">
        update monitortask set sId = #{sId},modelXml = #{modelXml},modelEcl=#{modelEcl}
        where monitortask.taskId = #{taskId}
    </update>

    <update id="updateTask_result" parameterType="MonitorTask">
        update monitortask set state = #{state} , readAmount = #{readAmount} , timeUsed = #{timeUsed},
        failSummary = #{failSummary} , succSummary = #{succSummary} , startDate = #{startDate}
        where monitortask.taskId = #{taskId}
    </update>

    <select id="findRunningTasks" resultType="MonitorTask">
        select * from monitortask
        where monitortask.state = "RUNNING"
    </select>




</mapper>