<?xml version="1.0" encoding="UTF-8"?>
<!DOCTYPE mapper PUBLIC "-//mybatis.org//DTD Mapper 3.0//EN" "http://mybatis.org/dtd/mybatis-3-mapper.dtd">
<mapper namespace="com.fjnu.mon4cc.mapper.ResultDetailsMapper">

    <!-- 通用查询映射结果 -->
    <resultMap id="BaseResultMap" type="com.fjnu.mon4cc.entity.ResultDetails">
        <id column="resultId" property="resultId" />
        <result column="taskId" property="taskId" />
        <result column="ruleName" property="ruleName" />
        <result column="resultType" property="resultType" />
        <result column="type" property="type" />
        <result column="cause" property="cause" />
        <result column="pyId" property="pyId" />
        <result column="sId" property="sId" />

    </resultMap>

    <insert id="insertResultDetails" parameterType='ResultDetails'>
        insert resultdetails (taskId,ruleName,resultType,type,cause,pyId,sId)
        values (#{taskId},#{ruleName},#{resultType},#{type},#{cause},#{pyId},#{sId})
    </insert>

    <select id="selectResultsBytaskId" resultType="ResultDetails">
        select * from resultdetails
        where taskId = #{taskId}
    </select>

    <delete id="deleteBytaskId" parameterType="ResultDetails">
        delete from resultdetails
        where taskId = #{taskId}
    </delete>

<!--    <select id="selectResultsByTaskId" resultType="ResultDetails">-->
<!--        select * from resultdetails-->
<!--        where resultdetails.taskId = #{taskId} and resultdetails.sId = #{sId}-->
<!--        order by resultdetails.resultId-->
<!--    </select>-->

    <select id="selectResultsByTaskId" resultType="ResultDetails">
        select * from resultdetails
        where resultdetails.taskId = #{taskId}
        order by resultdetails.resultId
    </select>

</mapper>