<?xml version="1.0" encoding="UTF-8"?>
<!--日志级别以及优先级排序: OFF > FATAL > ERROR > WARN > INFO > DEBUG > TRACE > ALL -->
<!--Configuration后面的status，这个用于设置log4j2自身内部的信息输出，可以不设置，当设置成trace时，你会看到log4j2内部各种详细输出-->
<!--monitorInterval：Log4j能够自动检测修改配置 文件和重新配置本身，设置间隔秒数-->
<configuration status="DEBUG" monitorInterval="1000">
	<properties>
		<property name="log_pattern">%d{yyyy-MM-dd HH:mm:ss,SSS} %-5p [%t] %c:%L - %m%n</property>
		<property name="log_home">/data/bpcmon/logs</property>
		<property name="project_name">bpcmon-core</property>
	</properties>
	
     <!--先定义所有的appender-->
     <appenders>
         <!--这个输出控制台的配置-->
         <console name="Console" target="SYSTEM_OUT">
         <!-- 设置控制台只输出level及以上级别的信息(onMatch),其他的直接拒绝(onMismatch)-->
         <ThresholdFilter level="DEBUG" onMatch="ACCEPT" onMismatch="DENY"/>
         <!--输出日志的格式-->
             <PatternLayout pattern="${log_pattern}"/>
         </console>
         	<!-- 
			 <RollingFile name="failoverKafkaLog" fileName="../logs/failoverKafka/request.log"
	            filePattern="../logs/failoverKafka/request.%d{yyyy-MM-dd}.log">
			    <ThresholdFilter level="INFO" onMatch="ACCEPT" onMismatch="DENY"/>
			    <PatternLayout>
			        <Pattern>${log_pattern}</Pattern>
			    </PatternLayout>
			    <Policies>
			        <TimeBasedTriggeringPolicy />
			    </Policies>
			</RollingFile>
			
			<Kafka name="kafkaLog" topic="StatisticService" ignoreExceptions="false">
			<ThresholdFilter level="info" onMatch="ACCEPT" onMismatch="DENY"/> 
			<PatternLayout>
				        <Pattern>%m%n</Pattern>
			</PatternLayout>
				    <Property name="bootstrap.servers">192.168.17.47:9092</Property>
				    <Property name="max.block.ms">2000</Property>
			</Kafka>
			<Failover name="Failover" primary="kafkaLog" retryIntervalSeconds="600">
			    <Failovers>
			        <AppenderRef ref="failoverKafkaLog"/>
			    </Failovers>
			</Failover>
			异步
			<AsyncLogger name="kafkaLogger" level="INFO" additivity="false">
			    <appender-ref ref="Failover"/>
			</AsyncLogger>
           -->
         <!-- 这个会打印出所有的info及以下级别的信息，每次大小超过size，则这size大小的日志会自动存入按年份-月份建立的文件夹下面并进行压缩，作为存档-->
         <RollingFile name="RollingFile" fileName="${log_home}/${project_name}/${project_name}.log"
                      filePattern="${log_home}/${project_name}/${project_name}-%d{yyyy-MM-dd}-%i.log">
             <!--控制台只输出level及以上级别的信息（onMatch），其他的直接拒绝（onMismatch）-->       
             <ThresholdFilter level="debug" onMatch="ACCEPT" onMismatch="DENY"/>
             <PatternLayout pattern="${log_pattern}"/>
             <Policies>
                 <TimeBasedTriggeringPolicy/>
                 <SizeBasedTriggeringPolicy size="40 MB"/>
             </Policies>
             <!-- DefaultRolloverStrategy属性如不设置，则默认为最多同一文件夹下7个文件，这里设置了20 -->
             <DefaultRolloverStrategy max="20"/>
         </RollingFile>
         <RollingFile name="RollingFileWarn" fileName="${log_home}/${project_name}/${project_name}-warn.log"
                      filePattern="${log_home}/${project_name}/${project_name}-warn-%d{yyyy-MM-dd}-%i.log">
             <ThresholdFilter level="warn" onMatch="ACCEPT" onMismatch="DENY"/>
             <PatternLayout pattern="${log_pattern}"/>
             <Policies>
                 <TimeBasedTriggeringPolicy/>
                 <SizeBasedTriggeringPolicy size="40 MB"/>
             </Policies>
             <!-- DefaultRolloverStrategy属性如不设置，则默认为最多同一文件夹下7个文件，这里设置了20 -->
             <DefaultRolloverStrategy max="20"/>
         </RollingFile>
        
     </appenders>
     
     <!--然后定义logger，只有定义了logger并引入的appender，appender才会生效-->
     <loggers>
         <!--过滤掉spring和mybatis的一些无用的DEBUG信息
         <Logger name="org.apache.kafka" level="INFO" />
         <logger name="org.springframework" level="INFO"></logger>
         <logger name="org.mybatis" level="INFO"></logger>
        <logger name="org.hibernate" level="INFO"></logger>-->
         <root level="DEBUG">
             <appender-ref ref="Console"/>
             <!-- <appender-ref ref="RollingFile"/> -->
         </root>
     </loggers>
 </configuration>